id,site_ID,expand_name,location,sponsor,revenue,owner,year,traffic,Media Type,type
1,1,Rumble,Canada,advertising/sales,mixed,"Rumble, Inc (Canada)",2013,High,Website/Video,mega
2,2,The Last American Vagabond,USA,Unknown,Unknown,Unknown,Unknown,Unknown,Website/Video,politics
3,3,Stone Cold Truth,USA,advertising/sales,mixed,Roger Stone,Unknown,Minimal,Website,politics
4,4,New York Post,,,,,,,,politics
5,5,NBC,,,,,,,,mega
6,6,PJ Media,USA,advertising/sales,mixed,"PJ Media, LLC",2004,High,Website,politics
7,7,Humans are Free,USA,advertising/donations,mixed,Unknown,2010,Medium,Website,conspiracy 
8,8,Bloomberg,,,,,,,,mega
9,9,Canada Free Press,USA,advertising,advertising,Judi McLeod?,Unknown,Medium,Website,politics
10,10,OffGuardian,Unknown,advertising,advertising,Unknown,2015,Medium,Website,politics
11,11,David Icke,United Kingdom,advertising/donations/sales,mixed,Ickonic Enterprises,Unknown,Unknown,Unknown,conspiracy 
12,12,Swiss Policy Research,Unknown,organization,organization,Unknown,2016,Medium,Website,politics
13,13,Vaccine Impact,USA,advertising,advertising,Health Impact News,Unknown,Medium,Website,antivaxx campaigns
14,14,USSA News,USA,advertising/donations,mixed,Unknown,2010,Medium,Website,politics
15,15,BitChute,United Kingdom,donations/sales,mixed,Bit Chute Limited,2017,High,Website,conspiracy 
16,16,Australian National Review,Australia,advertising/donations,mixed,,Unknown,Medium,Website,conspiracy 
17,17,The Highwire,USA,organization,organization,Informed Consent Action Network,2004,Medium,Website,antivaxx campaigns
18,18,David Harris Jr,USA,advertising/fees,mixed,"DJHJ Media, LLC",Unknown,Medium,Website,conspiracy 
19,19,ABC News,,,,,,,,mega
20,20,The Economic Times,India,advertising,advertising,The Times Group,1961,High,Website,mega
21,21,Zenith News,USA,sales,sales,Unknown,2017,Unknown,Unknown,politics
22,22,Parler,USA,organization,organization,Parler LLC,2018,High,Website,politics
23,23,Prepare for Change,Unknown,donations,donations,,2013,Unknown,Unknown,conspiracy 
24,24,Swarajya,India,advertising,advertising,Kovai Media Private Limited,1956,Unknown,Unknown,politics
25,25,The Vaccine Reaction,USA,organization,organization,NVIC,1995,Minimal,Organization/Foundation,antivaxx campaigns
26,26,BBC,,,,,,,,mega
27,27,First Post,India,,,,,,,mega
28,28,Daily Caller,,,,,,,,politics
29,29,Time,,,,,,,,mega
30,30,We Love Trump,USA,advertising/donations/sales,mixed,Unknown,2016,Medium,Website,politics
31,31,Children's Health Defense,USA,organization,organization,,2016,Unknown,Unknown,antivaxx campaigns
32,32,The Hill,,,,,,,,politics
33,33,CDC,,,,,,,,government
34,34,The political Insider,USA,advertising,advertising,Political Insider LLC,2006,Medium,Website,politics
35,35,conservativedailypost.com,Unknown,advertising,advertising,Unknown,2016,Unknown,Unknown,politics
36,36,Brand New Tube,United Kingdom,sales,sales,Unknown,2020,High,Website/Video Service,conspiracy 
37,37,Gulf News,United Arab Emirates,advertising,advertising,Unknown,1978,Unknown,Unknown,politics
38,38,Sputnik,Russia,advertising,advertising,Russian Government,2014,High,News Agency,politics
39,39,LearnTheRisk.org,USA,donations,donations,Unknown,2015,Unknown,Unknown,antivaxx campaigns
40,40,News Punch,USA,advertising,advertising,"The People??s Voice, Inc.",2018,Medium,Website,conspiracy 
41,41,Al Arabiya,Saudi Arabia,organization,organization,Saudi broadcaster Middle East Broadcasting Center (MBC),2004,High,TV Station,politics
42,42,The Common Sense Show,USA,advertising/donations,mixed,Unknown,2012,Unknown,Unknown,conspiracy 
43,43,World Truth,USA,advertising,advertising,Unknown,2011,Unknown,Unknown,conspiracy 
44,44,neonnettle.com,United Kingdom,advertising/donations,mixed,Unknown,Unknown,Medium,Website,conspiracy 
45,45,Fox News,,,,,,,,mega
46,46,Real Raw News,USA,donations,donations,Unknown,2020,Medium,Website,politics
47,47,Medical kidnap,USA,advertising,advertising,Unknown,Unknown,Medium,Website,antivaxx campaigns
48,48,True Pundit,USA,advertising/donations,mixed,Unknown,Unknown,Unknown,Unknown,conspiracy 
49,49,American Action News,USA,advertising,advertising,Unknown,2013,Unknown,Unknown,politics
50,50,Arab News,Saudi Arabia,advertising,advertising,Unknown,1975,Unknown,Unknown,mega
51,51,Tech Startups,USA,advertising,advertising,Unknown,2017,Medium,Website,mega
52,52,Blunt Force Truth,USA,advertising/donations/sales,mixed,"Two and Two Broadcasting, LLC",2014,Minimal,Website,politics
53,53,Odisha Latest News Today,USA,advertising,advertising,IDG Capital (CHINA),2015,High,News App,mega
54,54,Whale.to,Unknown,Unknown,Unknown,Unknown,Unknown,Unknown,Unknown,conspiracy 
55,55,Slate,,,,,,,,mega
56,56,The Guardian,,,,,,,,mega
57,57,Real Climate Science,USA,advertising/donations,mixed,Tony Heller,2015,Minimal,Website,pseudoscience 
58,58,Townhall,USA,advertising,advertising,Salem Media Group,1995,High,Website,politics
59,59,beforeitsnews.com,USA,advertising,advertising,Unknown,2009,High,Website,conspiracy 
60,60,Big League Politics,USA,advertising,advertising,Mustard Seed Media,Unknown,Unknown,Unknown,politics
61,61,Gnews,USA,donations,donations,GUO.MEDIA?,2012,High,Website,politics
62,62,Healing Oracle,Unknown,donations/sales,mixed,Unknown,2010,Unknown,Unknown,antivaxx campaigns
63,63,Hal Turner Radio Show,USA,advertising/donations/sales,mixed,Hal Turner?,2002,Medium,Website,conspiracy 
64,64,The Washington Standard,Unknown,Unknown,Unknown,Unknown,Unknown,Unknown,Unknown,politics
65,65,American Truth Today,USA,advertising,advertising,Unknown,2019,Unknown,Unknown,politics
66,66,New York Times,,,,,,,,mega
67,67,BDNews24,Bangladesh,advertising,advertising,Toufique Imrose Khalidi,Unknown,Unknown,Unknown,mega
68,68,RT News,Russia,organization,organization,Russian Government,2005,High,TV Station,mega
69,69,The Corbett Report,Japan,fees/sales,mixed,James Corbett,2007,Medium,Website,conspiracy 
70,70,TASS Russian News Agency,Russia,organization,organization,Government of Russia,1902,Unknown,Unknown,mega
71,71,RedState,USA,advertising,advertising,Salem Media Group,2004,High,Website,politics
72,72,X22 Report,USA,advertising/donations,mixed,David Booth,2008,Medium,Website,conspiracy 
73,73,Americas Freedom Fighters,Unknown,advertising/sales,mixed,Unknown,2010,Unknown,Unknown,politics
74,74,From the Trenches World Report,USA,advertising/donations,mixed,Unknown,2010,Unknown,Unknown,conspiracy 
75,75,21st Century Wire,USA,advertising,advertising,Patrick Henningsen,,Medium,Website,conspiracy 
76,76,Bongino.com,USA,advertising/sales,mixed,Unknown,2015,High,Website,politics
77,77,Summit News,USA,advertising/donations,mixed,Unknown,2019,Medium,Website,conspiracy 
78,78,Think Americana,Unknown,advertising,advertising,Unknown,2017,Unknown,Unknown,politics
79,79,WHO,,,,,,,,official
80,80,Need to Know,USA,advertising,advertising,G. Edward Griffin,Unknown,Unknown,Unknown,conspiracy 
81,81,The Truth Seeker,United Kingdom,advertising,advertising,Unknown,2011,Unknown,Unknown,conspiracy 
82,82,Vice,USA,advertising/donations/sales,mixed,Mike Adams,Unknown,Unknown,Unknown,mega
83,83,Science.News,USA,advertising/donations/sales,mixed,Mike Adams,Unknown,Unknown,Unknown,pseudoscience 
84,84,Technocracy News,USA,donations/sales,mixed,Patrick Wood,2015,Medium,Website,conspiracy 
85,85,Breaking911,Unknown,advertising,advertising,Unknown,2011,Medium,Website,politics
86,86,Health.News,USA,advertising/donations/sales,mixed,Mike Adams,Unknown,Unknown,Unknown,pseudoscience 
87,87,Washington Post,,,,,,,,mega
88,88,CNS News,USA,advertising/donations,mixed,Media Research Center,1998,Medium,Website,politics
89,89,Clover Chronicle,Unknown,advertising/donations,mixed,Unknown,2018,Unknown,Unknown,conspiracy 
90,90,Stillness in the Storm,USA,advertising/sponsor,mixed,Unknown,2015,Unknown,Unknown,conspiracy 
91,91,The DC Patriot,USA,advertising/donations/sales,mixed,America First Media,2019,Medium,Website,politics
92,92,Infinite Unknown,Unknown,donations,donations,Unknown,2000,Unknown,Unknown,conspiracy 
93,93,The Bearded Patriot,USA,advertising,advertising,Unknown,2013,Unknown,Unknown,politics
94,94,The National Pulse,USA,advertising/donations/sales,mixed,American Principles Project,2016,Medium,Website,politics
95,95,Eugenics.News,USA,advertising/donations/sales,mixed,Mike Adams,Unknown,Unknown,Unknown,conspiracy 
96,96,Health Ranger Report,USA,advertising/donations/sales,mixed,Mike Adams,Unknown,Unknown,Unknown,conspiracy 
97,97,Conspiracy Daily Update,USA,advertising,advertising,Unknown,2016,Minimal,Website,conspiracy 
98,98,Organic Consumers Association,USA,advertising/donations,mixed,Organic Consumers Association,1998,Unknown,Unknown,pseudoscience 
99,99,Vdare,USA,donations,donations,VDARE Foundation,1999,Unknown,Unknown,politics
100,100,Elizabeth Johnston,USA,donations,donations,Elizabeth Johnston,2016,Minimal,Website,politics
101,101,National File,USA,advertising/donations,mixed,Flyover Media LLC,2019,Medium,Website,conspiracy 
102,102,State of the Nation,USA,Unknown,Unknown,Unknown,2019,Medium,Website,politics
103,103,Press for Truth,Unknown,Unknown,Unknown,Unknown,Unknown,Unknown,Unknown,conspiracy 
104,104,Democratic Underground,USA,advertising,advertising,Democratic Underground LLC,2001,High,Website,politics
105,105,Nutritionfacts.org,USA,donations,donations,Michael Greger,Unknown,Medium,Website,pseudoscience 
106,106,DC Dirty Laundry,USA,advertising/sales,mixed,Dean Garrison,2018,Unknown,Unknown,conspiracy 
107,107,American Lookout,USA,advertising,advertising,Mike LaChance,2016,Unknown,Unknown,politics
108,108,Principia Scientific International,USA,donations,donations,Principia Scientific International,2010,Minimal,Website,pseudoscience 
109,109,American Thinker,USA,advertising/donations,mixed,Unknown,2003,High,Website,politics
110,110,CNN,,,,,,,,mega
111,111,FDA,,,,,,,,official
112,112,Primary Doctor Medical Journal,USA,Unknown,Unknown,Unknown,2020,Minimal,Website,pseudoscience 
113,113,News Target,USA,advertising/donations/sales,mixed,Mike Adams,Unknown,Unknown,Unknown,conspiracy 
114,114,Signs of the Times,USA,advertising/donations,mixed,Quantum Future Group,2002,Unknown,Unknown,conspiracy 
115,115,Vaxxter,Unknown,Unknown,Unknown,Unknown,Unknown,Unknown,Unknown,antivaxx campaigns
116,116,Mehr News Agency,Iran,Unknown,Unknown,Islamic Ideology Dissemination Organization,2003,Unknown,Unknown,politics
117,117,Banned.Video,USA,advertising/sponsor/sales,mixed,Alex Jones Network,2019,Medium,Website,conspiracy 
118,118,VacTruth.com,Unknown,donations,donations,Unknown,2009,Unknown,Unknown,antivaxx campaigns
119,119,Global Research,Canada,advertising/donations,mixed,Michel Chossudovky,2001,Medium,Website,conspiracy 
120,120,The Remnant Newspaper,USA,advertising/donations/fees,mixed,Remnant Inc.,1968,Minimal,Newspaper,conspiracy 
121,121,Brighteon,USA,advertising/donations/sales,mixed,Mike Adams,2018,High,Website,conspiracy 
122,122,Populist Press,USA,advertising,advertising,Unknown,2020,Unknown,Unknown,mega
123,123,Sean Hannity,USA,advertising,advertising,iHeartMedia,1998,Unknown,Unknown,politics
124,124,NPR,,,,,,,,mega
125,125,World Doctors Alliance,Unknown,Unknown,Unknown,Unknown,2020,Unknown,Organization/Foundation,antivaxx campaigns
126,126,American Intelligence Media,USA,Unknown,Unknown,Unknown,Unknown,Minimal,Website,conspiracy 
127,127,Shoebat,USA,donations,donations,Walid Shoebat,Unknown,Unknown,Unknown,politics
128,128,Iowa Climate Science Education,USA,Unknown,Unknown,Unknown,Unknown,Unknown,Unknown,pseudoscience 
129,129,Clarion Project,USA,organization,organization,Unknown,2006,Unknown,Unknown,politics
130,130,Association of American Physicians and Surgeons,USA,organization,organization,AAPS,1994,Unknown,Unknown,pseudoscience 
131,131,Raw Conservative Opinions,USA,advertising/sponsor,mixed,Unknown,2016,Unknown,Unknown,politics
132,132,USA Today,,,,,,,,mega
133,133,occupydemocrats.com,USA,advertising/sponsor,mixed,Omar Rivero,2012,High,Organization/Foundation,politics
134,134,Vigilant Citizen,USA,advertising/sales,mixed,Unknown,2008,Unknown,Unknown,politics
135,135,The Nation Pakistan,Pakistan,advertising,advertising,Majid Nizami Trust,1986,Medium,Newspaper,conspiracy 
136,136,en-volve.com,USA,advertising,advertising,Unknown,Unknown,Medium,Website,politics
137,137,Business Insider,,,,,,,,mega
138,138,Dnyuz,Armenia,advertising,advertising,Unknown,2019,Medium,Website,mega
139,139,Free Thought Project,USA,advertising,advertising,Unknown,2013,Medium,Website,politics
140,140,CBS,,,,,,,,mega
141,141,Zero hedge,Bulgaria,Unknown,Unknown,Georgi Georgiev,2009,High,Website,conspiracy 
142,142,Christian Broadcasting Network,USA,organization,organization,"Christian Broadcasting Network, Inc.",1961,Medium,TV Station,mega
143,143,Independent Science News,USA,organization,organization,Bioscience Resource Project,2011,Minimal,Website,pseudoscience 
144,144,The Blacksphere,USA,advertising/sales,mixed,Kevin Jackson,2011,Unknown,Unknown,politics
145,145,SGT Report,Unknown,advertising,advertising,Unknown,2010,Unknown,Unknown,conspiracy 
146,146,Conservative Angle,Unknown,Unknown,Unknown,Unknown,Unknown,Unknown,Unknown,politics
147,147,Al Jazeera America,,,,,,,,mega
148,148,News Hour First,USA,Unknown,Unknown,Unknown,2020,Minimal,Website,mega
149,149,USA Hitman,Unknown,sales,sales,Unknown,2008,Unknown,Unknown,conspiracy 
150,150,adobochronicles.com,USA,donations,donations,Unknown,2013,Minimal,Website,mega
151,151,Rense,USA,advertising,advertising,Jeff Rense,1999,Medium,Website,conspiracy 
152,152,Geller Report,USA,advertising/donations,mixed,Pamela Geller,2016,Medium,Website,politics
153,153,Caldron Pool,Australia,advertising/fees,mixed,Unknown,2017,Unknown,Unknown,politics
154,154,The Truth about Cancer,USA,advertising/donations/sales,mixed,TTAC Publishing LLC,2011,Unknown,Unknown,pseudoscience 
155,155,Perez Hilton,USA,advertising,advertising,Mario Armando Lavandeira Jr.,2004,Unknown,Unknown,mega
156,156,Christian Ministries International,Australia,donations,donations,Unknown,1977,Medium,Organization/Foundation,politics
157,157,BuzzFeed,,,,,,,,mega
158,158,The Duran,Cyrpus,advertising/donations,mixed,Cyprus-based DRN Media PLC,2016,Medium,Website,politics
159,159,News Rescue,Nigeria,advertising,advertising,Unknown,2007,Unknown,Unknown,conspiracy 
160,160,Educate Yourself,USA,Unknown,Unknown,Ken Adachi,1998,Unknown,Unknown,pseudoscience 
161,161,TooFab,USA,advertising,advertising,Unknown,2010,High,Website,mega
162,162,Alpha News,USA,donations,donations,Unknown,2015,Minimal,Organization/Foundation,politics
163,163,Free Republic,USA,donations,donations,Jim Robinson,1996,Unknown,Unknown,politics
164,164,Oye.news,United Kingdom,advertising,advertising,Unknown,2011,Unknown,Unknown,conspiracy 
165,165,All News Pipeline,USA,advertising/donations,mixed,Susan Duclos,2014,Medium,Website,politics
166,166,News Pushed,United Kingdom,advertising,advertising,Unknown,2020,Minimal,Website,politics
167,167,Head Topics,Unknown,advertising,advertising,Unknown,2017,Unknown,Unknown,politics
168,168,The Tehran Times,Iran,Unknown,Unknown,Islamic Ideology Dissemination Organization (IIDO),1979,Unknown,Unknown,mega
169,169,The Free Telegraph,USA,organization,organization,The Republican Governors Association,Unknown,Minimal,Website,politics
170,170,The Daily Expose,United Kingdom,advertising/donations,mixed,Unknown,2020,Minimal,Website,conspiracy 
171,171,100% Fed Up,USA,advertising/sales,mixed,Unknown,2012,Medium,Website,politics
172,172,Newsmax,USA,advertising/fees,mixed,Christopher Ruddy,1998,High,TV Station,mega
173,173,NPR News,USA,advertising/donations/sales,mixed,Mike Adams,Unknown,Unknown,Unknown,mega
174,174,Vidmax,Cyrpus,advertising,advertising,Unknown,2003,Unknown,Unknown,mega
175,175,Huffington Post,,,,,,,,mega
176,176,Truth and Action,USA,advertising,advertising,Truth and Action LLC,2013,Unknown,Unknown,politics
177,177,Politico,,,,,,,,mega
178,178,Mixi.Media,Unknown,advertising,advertising,Unknown,2018,Unknown,Unknown,mega
179,179,Wall Street Journal,,,,,,,,mega
180,180,MSNBC,,,,,,,,mega
181,181,Evolution News and Views,Unknown,Unknown,Unknown,Unknown,Unknown,Unknown,Unknown,pseudoscience 
182,182,Evil.News,USA,advertising/sales,mixed,Natural News Network,2015,Unknown,Unknown,conspiracy 
183,183,News with Views,USA,advertising/donations/sales,mixed,Unknown,2001,Unknown,Unknown,conspiracy 
184,184,Covert Geopolitics,USA,advertising,advertising,Unknown,2015,Minimal,Website,conspiracy 
185,185,USA Really,Russia,donations,donations,Alexander Malkevich,2018,Unknown,Unknown,politics
186,186,Conscious Life News,USA,advertising,advertising,Ross Pittman,2010,Unknown,Unknown,pseudoscience 
187,187,Newsweek,,,,,,,,mega
188,188,redstatewatcher.com,Unknown,advertising,advertising,Unknown,2015,Unknown,Unknown,politics
189,189,Citizens for Legitimate Government,USA,donations,donations,Michael Rectenwald,Unknown,Unknown,Unknown,politics
190,190,GMWatch,United Kingdom,organization,organization,Unknown,1998,Minimal,Organization/Foundation,pseudoscience 
191,191,dailysurge.com,USA,advertising,advertising,Steve Pauwels,2006,Minimal,Website,politics
192,192,American Patriot Daily,USA,advertising,advertising,Unknown,2015,Unknown,Unknown,politics
193,193,Global Times,China,,,,,,,politics
194,194,Sustainable Pulse,USA,advertising,advertising,Unknown,2012,Unknown,Unknown,pseudoscience 
195,195,Vox,,,,,,,,mega
196,196,WorldStarHipHop,USA,advertising/sales,mixed,"Worldstar, LLC.",2005,Unknown,Unknown,mega
197,197,Bossip,USA,advertising/sponsor,mixed,iOneDigital,2006,Unknown,Unknown,mega
198,198,Return to Now,USA,advertising,advertising,Unknown,2016,Unknown,Unknown,pseudoscience 
199,199,Trending Politics,USA,advertising/sales,mixed,Unknown,2019,Medium,Website,politics
200,200,We are Change,USA,advertising/donations/sales,mixed,Unknown,2006,Unknown,Unknown,conspiracy 
201,201,Thought Catalog,USA,advertising/sponsor,mixed,Thought & Expression Company LLC,2010,Unknown,Unknown,pseudoscience 
202,202,Great American Daily,USA,advertising,advertising,Unknown,2016,Unknown,Unknown,politics
203,203,American Free Press,USA,advertising/fees,mixed,Willis Carto,2001,Minimal,Website,conspiracy 
204,204,Quillette,Australia,advertising/donations,mixed,Unknown,2015,Medium,Website,politics
205,205,Flag & Cross,USA,advertising/sales,mixed,Brandon Vallorani,2018,Unknown,Unknown,politics
206,206,Collective Evolution,USA,advertising/donations/fees,mixed,Joe Martino,2009,Medium,Website,conspiracy 
207,207,Daily Political Newswire,Unknown,advertising,advertising,Unknown,2016,Unknown,Unknown,politics
208,208,Freedom First Network,USA,advertising,advertising,Unknown,2020,Minimal,Website,politics
209,209,CS Globe,Unknown,advertising/donations,mixed,Unknown,2012,Unknown,Unknown,conspiracy 
210,210,Scientific American,,,,,,,,science
211,211,Patriots For Truth,USA,Unknown,Unknown,Unknown,2017,Unknown,Unknown,conspiracy 
212,212,Press TV,Iran,organization,organization,Islamic Republic of Iran Broadcasting,2007,High,TV Station,mega
213,213,The Millennium Report,USA,Unknown,Unknown,Unknown,2014,Unknown,Unknown,conspiracy 
214,214,GeoEngineering Watch,USA,Unknown,Unknown,Unknown,2009,Unknown,Unknown,conspiracy 
215,215,The Majalla,Saudi Arabia,advertising,advertising,Saudi Research and Marketing Group,1980,Minimal,Magazine,mega
216,216,clashdaily.com,USA,advertising/donations,mixed,Clash Daily LLC.,Unknown,Unknown,Unknown,politics
217,217,We The People Daily,USA,advertising,advertising,Unknown,2019,Unknown,Unknown,politics
218,218,Sons of 1776,USA,advertising,advertising,Unknown,2018,Unknown,Unknown,politics
219,219,TB Daily News,USA,advertising/sales,mixed,Worcester Digital Marketing LLC.,2018,Unknown,Unknown,politics
220,220,Biologos Foundation,USA,donations,donations,The BioLogos Foundation,2007,Unknown,Unknown,pseudoscience 
221,221,LaRouche PAC,USA,donations,donations,The LaRouche PAC,Unknown,Unknown,Unknown,politics
222,222,Corona Transition,Switzerland,donations,donations,Corona-Reset,2020,Minimal,Organization/Foundation,antivaxx campaigns
223,223,fellowshipoftheminds.com ,Unknown,Unknown,Unknown,Unknown,Unknown,Unknown,Unknown,conspiracy 
224,224,TheSpectator.info,USA,advertising,advertising,Unknown,2019,Unknown,Unknown,politics
225,225,The Epoch Times,USA,advertising/donations/fees,mixed,Epoch Media Group,2000,High,Newspaper,mega
226,226,PBS,,,,,,,,mega
227,227,WikiIslam,USA,donations,donations,Ex-Muslims of North America,2006,Medium,hategroup,politics
228,228,National Vanguard,USA,donations/sales,mixed,Kevin Strom,2005,Minimal,Organization/Foundation,politics
229,229,White House,,,,,,,,official
230,230,Black Genocide,USA,donations,donations,LEARN,2001,Unknown,Unknown,politics
231,231,Republican National Committee,USA,organization,organization,Republican National Committee,1856,Unknown,Unknown,politics
232,232,The Right Stuff,USA,fees,fees,The Right Stuff Dot Biz LLC,Unknown,Unknown,Unknown,politics
233,233,South Africa Today,USA,Unknown,Unknown,Media Link Services LTD,Unknown,Minimal,Website,politics
234,234,The True Defender,USA,advertising,advertising,Unknown,2004,Medium,Website,politics
235,235,UK Column,United Kingdom,advertising/donations/fees,mixed,Unknown,Unknown,Medium,Newspaper,politics
236,236,CCTV International,China,,,,,,,mega
237,237,Becker News,USA,advertising,advertising,Kyle Becker,2020,Medium,Website,politics
238,238,MoonBattery,USA,advertising/donations,mixed,Dave Blount,2004,Unknown,Unknown,politics
239,239,Info wars ,USA,advertising/sales,mixed,Free Speech Systems LLC,1999,High,TV Station,conspiracy 
240,240,Truth in Media,USA,advertising/sales,mixed,Benjamin Swann,Unknown,Minimal,Website,conspiracy 
241,241,Conservative Firing Line,USA,advertising,advertising,Joe Newby,2012,Unknown,Unknown,politics
242,242,Natural Society,USA,sales,sales,Unknown,Unknown,Minimal,Website,conspiracy 
243,243,GreatReject,Netherlands,advertising/donations,mixed,Unknown,2020,Minimal,Website,conspiracy 
244,244,Redoubt News,USA,advertising/sponsor,mixed,Redoubt News LLC,2016,Minimal,Website,politics
245,245,DailyHealthPost,Canada,advertising,advertising,Unknown,2012,Unknown,Unknown,pseudoscience 
246,246,Climate Change Dispatch,USA,advertising/donations,mixed,Thomas Richard,2010,Minimal,Website,conspiracy 
247,247,Weston A. Price Foundation,USA,organization,organization,The Weston A. Price Foundation,1999,Unknown,Unknown,pseudoscience 
248,248,Liberty Hangout,USA,sales,sales,Kaitlin Bennett,2015,Unknown,Unknown,conspiracy 
249,249,China Global Television Network,China,,,,,,,mega
250,250,The True Reporter,USA,advertising,advertising,Unknown,2004,Medium,Website,conspiracy 
251,251,The Economist,,,,,,,,mega
252,252,Watts Up with that,USA,advertising/donations,mixed,Anthony Watts,2016,Medium,Website,pseudoscience 
253,253,The horn news,USA,advertising,advertising,"New Market Health, LLC",2015,Unknown,Unknown,politics
254,254,Bare Naked Islam,USA,advertising/donations,mixed,Unknown,2008,Unknown,Unknown,politics
255,255,Thought Crime Radio,Unknown,Unknown,Unknown,Unknown,Unknown,Unknown,Website,conspiracy 
256,256,The Liberty Daily,USA,Unknown,Unknown,Freedom Media Group LLC,2010,Medium,Website,mega
257,257,Unite America First,USA,advertising/donations/sales,mixed,Will Johnson,2017,Minimal,Website,politics
258,258,One America News Network,USA,advertising/fees,mixed,"Herring Networks, Inc.",2013,High,TV Station,mega
259,259,Lew Rockwell,USA,advertising/donations,mixed,Lew Rockwell LLC.,1999,Medium,Website,conspiracy 
260,260,iHarare,Zimbabwe,advertising/sales,mixed,Flipknox Investments,2013,Unknown,Unknown,mega
261,261,Wake Up World,Unknown,Unknown,Unknown,Unknown,Unknown,Unknown,Unknown,conspiracy 
262,262,WND,USA,advertising/sales,mixed,"WorldNetDaily.com, Inc.",1997,Medium,Website,politics
263,263,American Policy Center,USA,advertising/donations/sales,mixed,American Policy Cente,1988,Minimal,Organization/Foundation,conspiracy 
264,264,The Red Elephants,USA,donations/sales,mixed,Vincent James,2016,Medium,Website,politics
265,265,Electroverse,Unknown,donations,donations,Unknown,2018,Medium,Website,conspiracy 
266,266,American College of Pediatricians,USA,donations/fees,mixed,Unknown,2002,Minimal,Organization/Foundation,pseudoscience 
267,267,Investment Watch Blog,USA,advertising/donations,mixed,Unknown,2010,Unknown,Unknown,conspiracy 
268,268,The mind unleashed,USA,advertising,advertising,"The Mind Unleashed, Inc.",2013,Minimal,Website,conspiracy 
269,269,Oath Keepers,USA,donations/sales,mixed,Unknown,2009,Minimal,Organization/Foundation,politics
270,270,Rudaw,Iraq,Unknown,Unknown,Unknown,2008,Unknown,Unknown,politics
271,271,Dr. Axe,USA,advertising/sales,mixed,Joshua Lee Axe,Unknown,Unknown,Unknown,pseudoscience 
272,272,Washington Examiner,,,,,,,,politics
273,273,The Blaze,,,,,,,,mega
274,274,Illuminati Watcher,USA,fees,fees,Isaac Weishaupt,2012,Unknown,Unknown,conspiracy 
275,275,Red Ice TV,Sweden,fees,fees,Palmgren ,2003,Unknown,Unknown,politics
276,276,NoTricksZone,Germany,sales,sales,Pierre Gosselin,2010,Unknown,Unknown,conspiracy 
277,277,TheBL,Unknown,Unknown,Unknown,Unknown,Unknown,Unknown,Unknown,conspiracy 
278,278,The Liberty Beacon,USA,donations,donations,Roger Landry,2015,Medium,Website,conspiracy 
279,279,Renew America,USA,Unknown,Unknown,Unknown,2002,Unknown,Unknown,conspiracy 
280,280,Washington Times,USA,advertising/fees,mixed,Operations Holdings Inc,1982,High,Newspaper,politics
281,281,Newsner,Sweden,advertising,advertising,Unknown,2014,Unknown,Unknown,conspiracy 
282,282,whatdoesitmean.com,Unknown,advertising,advertising,Unknown,2003,Unknown,Unknown,conspiracy 
283,283,Univision,,,,,,,,mega
284,284,Pants on Fire News,USA,advertising/sponsor,mixed,Unknown,2019,Unknown,Unknown,conspiracy 
285,285,National Vaccine Information Institute,USA,advertising/donations,mixed,The National Vaccine Information Center,1982,Minimal,Organization/Foundation,antivaxx campaigns
286,286,News Inside Out,USA,advertising/donations,mixed,Unknown,2014,Unknown,Unknown,conspiracy 
287,287,Wikispooks,Unknown,donations,donations,Unknown,2010,Unknown,Unknown,conspiracy 
288,288,The Last Refuge,USA,advertising/donations,mixed,Unknown,Unknown,Medium,Website,politics
289,289,Outraged Patriot,Unknown,advertising,advertising,Unknown,2019,Unknown,Unknown,politics
290,290,Personal Liberty,USA,advertising,advertising,Bob Livingston,2003,Unknown,Unknown,conspiracy 
291,291,Bipartisan Report,USA,advertising,advertising,Unknown,2012,Medium,Website,politics
292,292,Project Veritas,USA,organization,organization,James O’Keefe,2010,Medium,Website,politics
293,293,NaturalNewsBlogs,USA,advertising/donations/sales,mixed,Mike Adams,Unknown,Unknown,Unknown,conspiracy 
294,294,Climate Etc,USA,donations,donations,Unknown,Unknown,Medium,Website,pseudoscience 
295,295,Goop,USA,advertising/sales,mixed,Gweneth Paltrow,2008,Unknown,Unknown,pseudoscience 
296,296,Competitive Enterprise Institute,USA,organization,organization,Competitive Enterprise Institute,1984,Unknown,Unknown,pseudoscience 
297,297,Independent Minute,Unknown,Unknown,Unknown,Unknown,Unknown,Unknown,Unknown,conspiracy 
298,298,The New Yorker,,,,,,,,mega
299,299,The Stream,USA,organization,organization,"Life Outreach International Association of Churches,",2015,Medium,Organization/Foundation,politics
300,300,Food Babe,USA,advertising/sales,mixed,Vani Deva Hari ,2011,Minimal,Website,pseudoscience 
301,301,The Unz Review,USA,Unknown,Unknown,Unknown,2013,Unknown,Unknown,politics
302,302,Black Eye Politics,Unknown,advertising,advertising,Unknown,2018,Unknown,Unknown,politics
303,303,Blacklisted News,USA,advertising/donations,mixed,Doug Owen,2006,Unknown,Unknown,conspiracy 
304,304,Church Militant,USA,advertising/donations/fees,mixed,St. Michael’s Media,2012,Unknown,hategroup,politics
305,305,SHTFplan.com,USA,advertising,advertising,Unknown,2009,Medium,Website,conspiracy 
306,306,Health Sciences Institute,USA,organization,organization,Agora Inc,1998,Unknown,Unknown,pseudoscience 
307,307,Thinking Mom's Revolution,Unknown,Unknown,Unknown,Unknown,Unknown,Unknown,Unknown,antivaxx campaigns
308,308,yournewswire.com,USA,advertising,advertising,"The People’s Voice, inc",Unknown,Unknown,Unknown,conspiracy 
309,309,Alliance for Natural Health (ANH-USA),USA,organization,organization,The Alliance for Natural Health,1992,Unknown,Unknown,antivaxx campaigns
310,310,Syria News,Unknown,advertising/donations,mixed,Unknown,2011,Minimal,Website,politics
311,311,Al Bawaba,Jordan,advertising,advertising,Unknown,2000,Medium,Website,mega
312,312,The Gate Way Pundit,USA,advertising,advertising,Jim Hoft,2004,High,Website,politics
313,313,State of the Nation 2012,USA,Unknown,Unknown,Unknown,2012,Medium,Website,conspiracy 
314,314,Democratic National Committee,USA,organization,organization,The Democratic National Committee,1848,Unknown,Unknown,politics
315,315,369 News,Unknown,advertising,advertising,Unknown,Unknown,Minimal,Website,conspiracy 
316,316,Naturally Savvy,USA,advertising,advertising,Andrea Donsky,Unknown,Unknown,Unknown,pseudoscience 
317,317,Daily Kos,,,,,,,,politics
318,318,Breitbart,USA,organization,organization,Larry Solov,2007,High,Website,mega
319,319,DC Clothesline,USA,advertising/sales,mixed,Dean Garrison,2013,Unknown,Unknown,conspiracy 
320,320,Climatism,Australia,advertising/donations,mixed,Jamie Spry,Unknown,Unknown,Unknown,pseudoscience 
321,321,Information Liberation,USA,advertising,advertising,Chris Menahan,2005,Unknown,Unknown,politics
322,322,American Web Media,USA,advertising,advertising,"Internet ROI, Inc.",2013,Medium,Website,conspiracy 
323,323,USAWatchdog.com,USA,advertising/donations,mixed,USAWatchDog LLC.,2005,Medium,Website,conspiracy 
324,324,Lindell TV,USA,sales,sales,Lindell Management,2019,Minimal,Website,politics
325,325,IFL Science,United Kingdom,advertising/sponsor/sales,mixed,LabX Media Group,2012,High,Website,science
326,326,Life News,USA,advertising/donations,mixed,Steve Ertelt,2001,Medium,Website,politics
327,327,Institute for Responsible Technology,USA,donations,donations,Jeffrey Smith. IRT,2003,Unknown,Unknown,conspiracy 
328,328,Pro Trump News,Unknown,Unknown,Unknown,Unknown,2019,Unknown,Unknown,politics
329,329,Tru News,USA,donations/sales,mixed,Rick Wiles,1999,Unknown,Unknown,conspiracy 
330,330,The Trumpet,USA,donations,donations,Philadelphia Church of God,1990,Medium,Magazine,politics
331,331,Behold Israel,Israel,donations/sales,mixed,Amir Tsarfati,Unknown,Unknown,Unknown,mega
332,332,WorldHealth.Net,USA,advertising,advertising,"American Academy of Anti-Aging, Preventative, and Regenerative Medicine",Unknown,Unknown,Unknown,pseudoscience 
333,333,Activist Post,Unknown,advertising/donations,mixed,Unknown,2010,Medium,Website,conspiracy 
334,334,NewsWars,USA,advertising,advertising,Alex Jones,2017,Medium,Website,politics
335,335,Trump Train News,USA,advertising/sponsor,mixed,Unknown,2016,Unknown,Unknown,politics
336,336,BrightSide,Cyrpus,advertising,advertising,Unknown,2014,Unknown,Unknown,pseudoscience 
337,337,The Other 98%,USA,donations,donations,Other98 Action,2010,Medium,Organization/Foundation,politics
338,338,Faithit,USA,advertising,advertising,Unknown,2013,Unknown,Unknown,politics
339,339,GreenMedInfo,USA,donations/fees,mixed,Sayer Ji through GreenMedInfo LLC,2008,Medium,Website,pseudoscience 
340,340,Indiatimes,India,organization,organization,The Times Group,Unknown,Unknown,Unknown,mega
341,341,American People Daily,USA,advertising,advertising,Unknown,2017,Unknown,Unknown,politics
342,342,Steadfast and Loyal,USA,advertising,advertising,Unknown,2017,Minimal,Website,politics
343,343,MagaPill,USA,advertising/donations,mixed,Unknown,Unknown,Unknown,Unknown,politics
344,344,Daily Headlines,Unknown,advertising,advertising,Unknown,2014,Unknown,Unknown,politics
345,345,Collapse.News,USA,advertising/donations/sales,mixed,Mike Adams,Unknown,Unknown,Unknown,conspiracy 
346,346,disclose.tv,Germany ,advertising,advertising,Futurebytes GmbH & Co. KG,2007,Medium,Website,conspiracy 
347,347,Medicine News,USA,advertising/donations/sales,mixed,Mike Adams,Unknown,Unknown,Unknown,conspiracy 
348,348,Veterans Today,USA,advertising/donations,mixed,Unknown,2003,Unknown,Unknown,conspiracy 
349,349,Revolver.News,Unknown,advertising/donations/sales,mixed,Unknown,2020,Medium,Website,politics
350,350,Autism Speaks,USA,organization,organization,Autism Speaks,Unknown,Unknown,Unknown,science
351,351,DoctorOz.com (Dr. Oz),USA,advertising,advertising,Mehmet Cengiz Öz,Unknown,Unknown,Unknown,pseudoscience 
352,352,American Conservative Movement,USA,advertising,advertising,Unknown,2016,Minimal,Website,conspiracy 
353,353,Right Side Broascasting Network,USA,advertising/donations/sales,mixed,Joe Seales,2015,Medium,Website,politics
354,354,Environmental Working Group (EWG),USA,organization,organization,EWG,1992,Medium,Organization/Foundation,pseudoscience 
355,355,Gaia,USA,organization,organization,"Gaia, Inc",1988,Medium,Website,pseudoscience 
356,356,Tasnim News Agency,Iran,organization,organization,Islamic Ideology Dissemination Organization,2012,Unknown,Unknown,politics
357,357,The Conservative Papers,USA,Unknown,Unknown,Unknown,2009,Unknown,Unknown,politics
358,358,Now the End Begins,USA,advertising/donations,mixed,Geoffrey Grider,2008,Unknown,Unknown,conspiracy 
359,359,Front Page Mag,USA,organization,organization,David Horowitz Freedom Center,Unknown,Medium,Organization/Foundation,politics
360,360,What Really Happened,USA,advertising/sales,mixed,Michael Rivero,1999,Medium,hategroup,politics
361,361,The Healthy American,USA,donations,donations,Peggy Hall,2020,Medium,Website,pseudoscience 
362,362,InfoGalactic,Switzerland,Unknown,Unknown,Unknown,2016,Medium,Website,conspiracy 
363,363,Frank Speech,USA,Unknown,Unknown,Mike Lindell,2021,Minimal,Website,conspiracy 
364,364,AltHealth Works,USA,advertising,advertising,Alternative Health Works LLC,2012,Minimal,Website,pseudoscience 
365,365,Godlike Productions,Unknown,sponsor,sponsor,Unknown,Unknown,Unknown,Website,conspiracy 
366,366,Christian Apologetics & Research Ministry (CARM),USA,organization,organization,The Christian Apologetics & Research Ministry,1995,Unknown,Unknown,politics
367,367,WallBuilders,USA,Unknown,Unknown,"WallBuilder Presentations, Inc.",1999,Unknown,hategroup,politics
368,368,China Daily,China,,,,,,,mega
369,369,The Buffalo Chronicle,USA,advertising/fees,mixed,Unknown,2014,Medium,Website,mega
370,370,Information Clearing House,USA,donations,donations,Tom Feeley,2001,Unknown,Unknown,politics
371,371,News Blaze,Australia,advertising,advertising,NewsBlaze Pty. Ltd.,2005,Unknown,Unknown,politics
372,372,The Beltway Report,USA,advertising,advertising,"Liberty One Broadcasting, LLC",2018,Unknown,Unknown,politics
373,373,Family Research Council,USA,Unknown,Unknown,Family Research Council,Unknown,Unknown,hategroup,politics
374,374,Gulag Bound,USA,Unknown,Unknown,"Sovereignty Unbound, LLC",2010,Unknown,Unknown,conspiracy 
375,375,Prevention Magazine,USA,organization,organization,Hearst Corporation,1950,Unknown,Unknown,science
376,376,Center for Security Policy,USA,organization,organization,The Center for Security Policy?,1988,Unknown,Unknown,politics
377,377,Defiant America,USA,advertising,advertising,Unknown,2016,Medium,Website,politics
378,378,Escape all these Things,USA,Donations,Donations,Tim Mchyde,Unknown,Minimal,Website,conspiracy 
379,379,Above Top Secret,USA,fees,fees,Above Network LLC,1997,Medium,Website,conspiracy 
380,380,I Heart Intelligence,Bulgaria,advertising/sponsor/sales,mixed,Stanislav Slavov and Milen Raychev,2014,Unknown,Unknown,pseudoscience 
381,381,Daily Star UK,United Kingdom,Unknown,Unknown,Reach plc,1978,Unknown,Unknown,mega
382,382,News Break,USA,advertising/sponsor,mixed,IDG Capital (CHINA),2015,High,News App,mega
